id,type,name,filepath
file::C:\Users\ujjan\Downloads\PixelSonics-main\PixelSonics-main\mainInput.py,File,mainInput.py,C:\Users\ujjan\Downloads\PixelSonics-main\PixelSonics-main\mainInput.py
func::C:\Users\ujjan\Downloads\PixelSonics-main\PixelSonics-main\mainInput.py::_fmt_bytes,Function,_fmt_bytes,C:\Users\ujjan\Downloads\PixelSonics-main\PixelSonics-main\mainInput.py
func::C:\Users\ujjan\Downloads\PixelSonics-main\PixelSonics-main\mainInput.py::_fmt_duration,Function,_fmt_duration,C:\Users\ujjan\Downloads\PixelSonics-main\PixelSonics-main\mainInput.py
func::C:\Users\ujjan\Downloads\PixelSonics-main\PixelSonics-main\mainInput.py::_default_output_path,Function,_default_output_path,C:\Users\ujjan\Downloads\PixelSonics-main\PixelSonics-main\mainInput.py
func::C:\Users\ujjan\Downloads\PixelSonics-main\PixelSonics-main\mainInput.py::_validate_input,Function,_validate_input,C:\Users\ujjan\Downloads\PixelSonics-main\PixelSonics-main\mainInput.py
func::C:\Users\ujjan\Downloads\PixelSonics-main\PixelSonics-main\mainInput.py::_wav_info,Function,_wav_info,C:\Users\ujjan\Downloads\PixelSonics-main\PixelSonics-main\mainInput.py
func::C:\Users\ujjan\Downloads\PixelSonics-main\PixelSonics-main\mainInput.py::encode_file,Function,encode_file,C:\Users\ujjan\Downloads\PixelSonics-main\PixelSonics-main\mainInput.py
func::C:\Users\ujjan\Downloads\PixelSonics-main\PixelSonics-main\mainInput.py::main,Function,main,C:\Users\ujjan\Downloads\PixelSonics-main\PixelSonics-main\mainInput.py
file::C:\Users\ujjan\Downloads\PixelSonics-main\PixelSonics-main\mainOutput.py,File,mainOutput.py,C:\Users\ujjan\Downloads\PixelSonics-main\PixelSonics-main\mainOutput.py
func::C:\Users\ujjan\Downloads\PixelSonics-main\PixelSonics-main\mainOutput.py::_fmt_bytes,Function,_fmt_bytes,C:\Users\ujjan\Downloads\PixelSonics-main\PixelSonics-main\mainOutput.py
func::C:\Users\ujjan\Downloads\PixelSonics-main\PixelSonics-main\mainOutput.py::_ext_for_media_type,Function,_ext_for_media_type,C:\Users\ujjan\Downloads\PixelSonics-main\PixelSonics-main\mainOutput.py
func::C:\Users\ujjan\Downloads\PixelSonics-main\PixelSonics-main\mainOutput.py::_default_output_path,Function,_default_output_path,C:\Users\ujjan\Downloads\PixelSonics-main\PixelSonics-main\mainOutput.py
func::C:\Users\ujjan\Downloads\PixelSonics-main\PixelSonics-main\mainOutput.py::_resolve_output_path,Function,_resolve_output_path,C:\Users\ujjan\Downloads\PixelSonics-main\PixelSonics-main\mainOutput.py
func::C:\Users\ujjan\Downloads\PixelSonics-main\PixelSonics-main\mainOutput.py::decode_file,Function,decode_file,C:\Users\ujjan\Downloads\PixelSonics-main\PixelSonics-main\mainOutput.py
func::C:\Users\ujjan\Downloads\PixelSonics-main\PixelSonics-main\mainOutput.py::main,Function,main,C:\Users\ujjan\Downloads\PixelSonics-main\PixelSonics-main\mainOutput.py
file::C:\Users\ujjan\Downloads\PixelSonics-main\PixelSonics-main\compression\__init__.py,File,__init__.py,C:\Users\ujjan\Downloads\PixelSonics-main\PixelSonics-main\compression\__init__.py
file::C:\Users\ujjan\Downloads\PixelSonics-main\PixelSonics-main\compression\compressor.py,File,compressor.py,C:\Users\ujjan\Downloads\PixelSonics-main\PixelSonics-main\compression\compressor.py
func::C:\Users\ujjan\Downloads\PixelSonics-main\PixelSonics-main\compression\compressor.py::compress,Function,compress,C:\Users\ujjan\Downloads\PixelSonics-main\PixelSonics-main\compression\compressor.py
func::C:\Users\ujjan\Downloads\PixelSonics-main\PixelSonics-main\compression\compressor.py::decompress,Function,decompress,C:\Users\ujjan\Downloads\PixelSonics-main\PixelSonics-main\compression\compressor.py
func::C:\Users\ujjan\Downloads\PixelSonics-main\PixelSonics-main\compression\compressor.py::smart_compress,Function,smart_compress,C:\Users\ujjan\Downloads\PixelSonics-main\PixelSonics-main\compression\compressor.py
func::C:\Users\ujjan\Downloads\PixelSonics-main\PixelSonics-main\compression\compressor.py::smart_decompress,Function,smart_decompress,C:\Users\ujjan\Downloads\PixelSonics-main\PixelSonics-main\compression\compressor.py
func::C:\Users\ujjan\Downloads\PixelSonics-main\PixelSonics-main\compression\compressor.py::compression_ratio,Function,compression_ratio,C:\Users\ujjan\Downloads\PixelSonics-main\PixelSonics-main\compression\compressor.py
func::C:\Users\ujjan\Downloads\PixelSonics-main\PixelSonics-main\compression\compressor.py::compress_stream,Function,compress_stream,C:\Users\ujjan\Downloads\PixelSonics-main\PixelSonics-main\compression\compressor.py
func::C:\Users\ujjan\Downloads\PixelSonics-main\PixelSonics-main\compression\compressor.py::decompress_stream,Function,decompress_stream,C:\Users\ujjan\Downloads\PixelSonics-main\PixelSonics-main\compression\compressor.py
file::C:\Users\ujjan\Downloads\PixelSonics-main\PixelSonics-main\decoder\__init__.py,File,__init__.py,C:\Users\ujjan\Downloads\PixelSonics-main\PixelSonics-main\decoder\__init__.py
file::C:\Users\ujjan\Downloads\PixelSonics-main\PixelSonics-main\decoder\decoder.py,File,decoder.py,C:\Users\ujjan\Downloads\PixelSonics-main\PixelSonics-main\decoder\decoder.py
func::C:\Users\ujjan\Downloads\PixelSonics-main\PixelSonics-main\decoder\decoder.py::_parse_header,Function,_parse_header,C:\Users\ujjan\Downloads\PixelSonics-main\PixelSonics-main\decoder\decoder.py
func::C:\Users\ujjan\Downloads\PixelSonics-main\PixelSonics-main\decoder\decoder.py::_split_packets,Function,_split_packets,C:\Users\ujjan\Downloads\PixelSonics-main\PixelSonics-main\decoder\decoder.py
func::C:\Users\ujjan\Downloads\PixelSonics-main\PixelSonics-main\decoder\decoder.py::as_text,Function,as_text,C:\Users\ujjan\Downloads\PixelSonics-main\PixelSonics-main\decoder\decoder.py
func::C:\Users\ujjan\Downloads\PixelSonics-main\PixelSonics-main\decoder\decoder.py::save,Function,save,C:\Users\ujjan\Downloads\PixelSonics-main\PixelSonics-main\decoder\decoder.py
func::C:\Users\ujjan\Downloads\PixelSonics-main\PixelSonics-main\decoder\decoder.py::__init__,Function,__init__,C:\Users\ujjan\Downloads\PixelSonics-main\PixelSonics-main\decoder\decoder.py
func::C:\Users\ujjan\Downloads\PixelSonics-main\PixelSonics-main\decoder\decoder.py::demodulate_packet,Function,demodulate_packet,C:\Users\ujjan\Downloads\PixelSonics-main\PixelSonics-main\decoder\decoder.py
func::C:\Users\ujjan\Downloads\PixelSonics-main\PixelSonics-main\decoder\decoder.py::ecc_decode,Function,ecc_decode,C:\Users\ujjan\Downloads\PixelSonics-main\PixelSonics-main\decoder\decoder.py
func::C:\Users\ujjan\Downloads\PixelSonics-main\PixelSonics-main\decoder\decoder.py::decompress,Function,decompress,C:\Users\ujjan\Downloads\PixelSonics-main\PixelSonics-main\decoder\decoder.py
func::C:\Users\ujjan\Downloads\PixelSonics-main\PixelSonics-main\decoder\decoder.py::strip_header,Function,strip_header,C:\Users\ujjan\Downloads\PixelSonics-main\PixelSonics-main\decoder\decoder.py
func::C:\Users\ujjan\Downloads\PixelSonics-main\PixelSonics-main\decoder\decoder.py::decode_from_raw_packets,Function,decode_from_raw_packets,C:\Users\ujjan\Downloads\PixelSonics-main\PixelSonics-main\decoder\decoder.py
func::C:\Users\ujjan\Downloads\PixelSonics-main\PixelSonics-main\decoder\decoder.py::decode_from_waveform,Function,decode_from_waveform,C:\Users\ujjan\Downloads\PixelSonics-main\PixelSonics-main\decoder\decoder.py
func::C:\Users\ujjan\Downloads\PixelSonics-main\PixelSonics-main\decoder\decoder.py::decode_from_wav,Function,decode_from_wav,C:\Users\ujjan\Downloads\PixelSonics-main\PixelSonics-main\decoder\decoder.py
file::C:\Users\ujjan\Downloads\PixelSonics-main\PixelSonics-main\ecc\__init__.py,File,__init__.py,C:\Users\ujjan\Downloads\PixelSonics-main\PixelSonics-main\ecc\__init__.py
file::C:\Users\ujjan\Downloads\PixelSonics-main\PixelSonics-main\ecc\ecc.py,File,ecc.py,C:\Users\ujjan\Downloads\PixelSonics-main\PixelSonics-main\ecc\ecc.py
func::C:\Users\ujjan\Downloads\PixelSonics-main\PixelSonics-main\ecc\ecc.py::encode,Function,encode,C:\Users\ujjan\Downloads\PixelSonics-main\PixelSonics-main\ecc\ecc.py
func::C:\Users\ujjan\Downloads\PixelSonics-main\PixelSonics-main\ecc\ecc.py::decode,Function,decode,C:\Users\ujjan\Downloads\PixelSonics-main\PixelSonics-main\ecc\ecc.py
func::C:\Users\ujjan\Downloads\PixelSonics-main\PixelSonics-main\ecc\ecc.py::overhead_bytes,Function,overhead_bytes,C:\Users\ujjan\Downloads\PixelSonics-main\PixelSonics-main\ecc\ecc.py
func::C:\Users\ujjan\Downloads\PixelSonics-main\PixelSonics-main\ecc\ecc.py::_xor_parity,Function,_xor_parity,C:\Users\ujjan\Downloads\PixelSonics-main\PixelSonics-main\ecc\ecc.py
func::C:\Users\ujjan\Downloads\PixelSonics-main\PixelSonics-main\ecc\ecc.py::xor_encode,Function,xor_encode,C:\Users\ujjan\Downloads\PixelSonics-main\PixelSonics-main\ecc\ecc.py
func::C:\Users\ujjan\Downloads\PixelSonics-main\PixelSonics-main\ecc\ecc.py::xor_decode,Function,xor_decode,C:\Users\ujjan\Downloads\PixelSonics-main\PixelSonics-main\ecc\ecc.py
func::C:\Users\ujjan\Downloads\PixelSonics-main\PixelSonics-main\ecc\ecc.py::__init__,Function,__init__,C:\Users\ujjan\Downloads\PixelSonics-main\PixelSonics-main\ecc\ecc.py
func::C:\Users\ujjan\Downloads\PixelSonics-main\PixelSonics-main\ecc\ecc.py::_pad_to_blocks,Function,_pad_to_blocks,C:\Users\ujjan\Downloads\PixelSonics-main\PixelSonics-main\ecc\ecc.py
func::C:\Users\ujjan\Downloads\PixelSonics-main\PixelSonics-main\ecc\ecc.py::max_correctable_errors,Function,max_correctable_errors,C:\Users\ujjan\Downloads\PixelSonics-main\PixelSonics-main\ecc\ecc.py
file::C:\Users\ujjan\Downloads\PixelSonics-main\PixelSonics-main\encoder\__init__.py,File,__init__.py,C:\Users\ujjan\Downloads\PixelSonics-main\PixelSonics-main\encoder\__init__.py
file::C:\Users\ujjan\Downloads\PixelSonics-main\PixelSonics-main\encoder\encoder.py,File,encoder.py,C:\Users\ujjan\Downloads\PixelSonics-main\PixelSonics-main\encoder\encoder.py
func::C:\Users\ujjan\Downloads\PixelSonics-main\PixelSonics-main\encoder\encoder.py::_build_header,Function,_build_header,C:\Users\ujjan\Downloads\PixelSonics-main\PixelSonics-main\encoder\encoder.py
func::C:\Users\ujjan\Downloads\PixelSonics-main\PixelSonics-main\encoder\encoder.py::_load_text,Function,_load_text,C:\Users\ujjan\Downloads\PixelSonics-main\PixelSonics-main\encoder\encoder.py
func::C:\Users\ujjan\Downloads\PixelSonics-main\PixelSonics-main\encoder\encoder.py::_load_file,Function,_load_file,C:\Users\ujjan\Downloads\PixelSonics-main\PixelSonics-main\encoder\encoder.py
func::C:\Users\ujjan\Downloads\PixelSonics-main\PixelSonics-main\encoder\encoder.py::_normalise_input,Function,_normalise_input,C:\Users\ujjan\Downloads\PixelSonics-main\PixelSonics-main\encoder\encoder.py
func::C:\Users\ujjan\Downloads\PixelSonics-main\PixelSonics-main\encoder\encoder.py::__init__,Function,__init__,C:\Users\ujjan\Downloads\PixelSonics-main\PixelSonics-main\encoder\encoder.py
func::C:\Users\ujjan\Downloads\PixelSonics-main\PixelSonics-main\encoder\encoder.py::normalise,Function,normalise,C:\Users\ujjan\Downloads\PixelSonics-main\PixelSonics-main\encoder\encoder.py
func::C:\Users\ujjan\Downloads\PixelSonics-main\PixelSonics-main\encoder\encoder.py::add_header,Function,add_header,C:\Users\ujjan\Downloads\PixelSonics-main\PixelSonics-main\encoder\encoder.py
func::C:\Users\ujjan\Downloads\PixelSonics-main\PixelSonics-main\encoder\encoder.py::compress,Function,compress,C:\Users\ujjan\Downloads\PixelSonics-main\PixelSonics-main\encoder\encoder.py
func::C:\Users\ujjan\Downloads\PixelSonics-main\PixelSonics-main\encoder\encoder.py::ecc_encode,Function,ecc_encode,C:\Users\ujjan\Downloads\PixelSonics-main\PixelSonics-main\encoder\encoder.py
func::C:\Users\ujjan\Downloads\PixelSonics-main\PixelSonics-main\encoder\encoder.py::frame,Function,frame,C:\Users\ujjan\Downloads\PixelSonics-main\PixelSonics-main\encoder\encoder.py
func::C:\Users\ujjan\Downloads\PixelSonics-main\PixelSonics-main\encoder\encoder.py::modulate_packets,Function,modulate_packets,C:\Users\ujjan\Downloads\PixelSonics-main\PixelSonics-main\encoder\encoder.py
func::C:\Users\ujjan\Downloads\PixelSonics-main\PixelSonics-main\encoder\encoder.py::encode_to_bytes,Function,encode_to_bytes,C:\Users\ujjan\Downloads\PixelSonics-main\PixelSonics-main\encoder\encoder.py
func::C:\Users\ujjan\Downloads\PixelSonics-main\PixelSonics-main\encoder\encoder.py::encode_to_waveform,Function,encode_to_waveform,C:\Users\ujjan\Downloads\PixelSonics-main\PixelSonics-main\encoder\encoder.py
func::C:\Users\ujjan\Downloads\PixelSonics-main\PixelSonics-main\encoder\encoder.py::encode_to_wav,Function,encode_to_wav,C:\Users\ujjan\Downloads\PixelSonics-main\PixelSonics-main\encoder\encoder.py
file::C:\Users\ujjan\Downloads\PixelSonics-main\PixelSonics-main\framing\__init__.py,File,__init__.py,C:\Users\ujjan\Downloads\PixelSonics-main\PixelSonics-main\framing\__init__.py
file::C:\Users\ujjan\Downloads\PixelSonics-main\PixelSonics-main\framing\framer.py,File,framer.py,C:\Users\ujjan\Downloads\PixelSonics-main\PixelSonics-main\framing\framer.py
func::C:\Users\ujjan\Downloads\PixelSonics-main\PixelSonics-main\framing\framer.py::_crc32,Function,_crc32,C:\Users\ujjan\Downloads\PixelSonics-main\PixelSonics-main\framing\framer.py
func::C:\Users\ujjan\Downloads\PixelSonics-main\PixelSonics-main\framing\framer.py::build_packet,Function,build_packet,C:\Users\ujjan\Downloads\PixelSonics-main\PixelSonics-main\framing\framer.py
func::C:\Users\ujjan\Downloads\PixelSonics-main\PixelSonics-main\framing\framer.py::frame,Function,frame,C:\Users\ujjan\Downloads\PixelSonics-main\PixelSonics-main\framing\framer.py
func::C:\Users\ujjan\Downloads\PixelSonics-main\PixelSonics-main\framing\framer.py::parse_packet,Function,parse_packet,C:\Users\ujjan\Downloads\PixelSonics-main\PixelSonics-main\framing\framer.py
func::C:\Users\ujjan\Downloads\PixelSonics-main\PixelSonics-main\framing\framer.py::deframe,Function,deframe,C:\Users\ujjan\Downloads\PixelSonics-main\PixelSonics-main\framing\framer.py
func::C:\Users\ujjan\Downloads\PixelSonics-main\PixelSonics-main\framing\framer.py::__repr__,Function,__repr__,C:\Users\ujjan\Downloads\PixelSonics-main\PixelSonics-main\framing\framer.py
file::C:\Users\ujjan\Downloads\PixelSonics-main\PixelSonics-main\modulation\__init__.py,File,__init__.py,C:\Users\ujjan\Downloads\PixelSonics-main\PixelSonics-main\modulation\__init__.py
file::C:\Users\ujjan\Downloads\PixelSonics-main\PixelSonics-main\modulation\fsk.py,File,fsk.py,C:\Users\ujjan\Downloads\PixelSonics-main\PixelSonics-main\modulation\fsk.py
func::C:\Users\ujjan\Downloads\PixelSonics-main\PixelSonics-main\modulation\fsk.py::_bit_tone,Function,_bit_tone,C:\Users\ujjan\Downloads\PixelSonics-main\PixelSonics-main\modulation\fsk.py
func::C:\Users\ujjan\Downloads\PixelSonics-main\PixelSonics-main\modulation\fsk.py::_bytes_to_bits,Function,_bytes_to_bits,C:\Users\ujjan\Downloads\PixelSonics-main\PixelSonics-main\modulation\fsk.py
func::C:\Users\ujjan\Downloads\PixelSonics-main\PixelSonics-main\modulation\fsk.py::_bits_to_bytes,Function,_bits_to_bytes,C:\Users\ujjan\Downloads\PixelSonics-main\PixelSonics-main\modulation\fsk.py
func::C:\Users\ujjan\Downloads\PixelSonics-main\PixelSonics-main\modulation\fsk.py::modulate,Function,modulate,C:\Users\ujjan\Downloads\PixelSonics-main\PixelSonics-main\modulation\fsk.py
func::C:\Users\ujjan\Downloads\PixelSonics-main\PixelSonics-main\modulation\fsk.py::_goertzel,Function,_goertzel,C:\Users\ujjan\Downloads\PixelSonics-main\PixelSonics-main\modulation\fsk.py
func::C:\Users\ujjan\Downloads\PixelSonics-main\PixelSonics-main\modulation\fsk.py::demodulate,Function,demodulate,C:\Users\ujjan\Downloads\PixelSonics-main\PixelSonics-main\modulation\fsk.py
func::C:\Users\ujjan\Downloads\PixelSonics-main\PixelSonics-main\modulation\fsk.py::estimated_duration,Function,estimated_duration,C:\Users\ujjan\Downloads\PixelSonics-main\PixelSonics-main\modulation\fsk.py
file::C:\Users\ujjan\Downloads\PixelSonics-main\PixelSonics-main\test\noise.py,File,noise.py,C:\Users\ujjan\Downloads\PixelSonics-main\PixelSonics-main\test\noise.py
func::C:\Users\ujjan\Downloads\PixelSonics-main\PixelSonics-main\test\noise.py::load_wav,Function,load_wav,C:\Users\ujjan\Downloads\PixelSonics-main\PixelSonics-main\test\noise.py
func::C:\Users\ujjan\Downloads\PixelSonics-main\PixelSonics-main\test\noise.py::save_wav,Function,save_wav,C:\Users\ujjan\Downloads\PixelSonics-main\PixelSonics-main\test\noise.py
func::C:\Users\ujjan\Downloads\PixelSonics-main\PixelSonics-main\test\noise.py::add_gaussian_noise,Function,add_gaussian_noise,C:\Users\ujjan\Downloads\PixelSonics-main\PixelSonics-main\test\noise.py
func::C:\Users\ujjan\Downloads\PixelSonics-main\PixelSonics-main\test\noise.py::add_background_noise,Function,add_background_noise,C:\Users\ujjan\Downloads\PixelSonics-main\PixelSonics-main\test\noise.py
func::C:\Users\ujjan\Downloads\PixelSonics-main\PixelSonics-main\test\noise.py::add_echo,Function,add_echo,C:\Users\ujjan\Downloads\PixelSonics-main\PixelSonics-main\test\noise.py
func::C:\Users\ujjan\Downloads\PixelSonics-main\PixelSonics-main\test\noise.py::add_distortion,Function,add_distortion,C:\Users\ujjan\Downloads\PixelSonics-main\PixelSonics-main\test\noise.py
func::C:\Users\ujjan\Downloads\PixelSonics-main\PixelSonics-main\test\noise.py::process_audio,Function,process_audio,C:\Users\ujjan\Downloads\PixelSonics-main\PixelSonics-main\test\noise.py
